model_name,year,biomass,OFL,maxABC
M22_2024,2025,40559.15991683113,1405.8398206069985,1054.379865455249
